{"black": {"2": {"mean": 0.0034937717359033015, "median": 0.0032630991692941813, "min": 0.0025219795088863143, "max": 0.006449982682492439, "q1": 0.0032630991692941813, "q3": 0.0032630991692941813}, "13": {"mean": 0.05108773781138365, "median": 0.05232463441401731, "min": 0.03521387475326043, "max": 0.053163489445183475, "q1": 0.05232463441401731, "q3": 0.05232463441401731}, "5": {"mean": 0.015774083949027653, "median": 0.015572272496007903, "min": 0.008043303735563815, "max": 0.018828336373970155, "q1": 0.015572272496007903, "q3": 0.015572272496007903}, "8": {"mean": 0.022898210266717896, "median": 0.02283041702689485, "min": 0.021792883989046052, "max": 0.02407980199931254, "q1": 0.02283041702689485, "q3": 0.02283041702689485}, "9": {"mean": 0.024450039292446952, "median": 0.02407980199931254, "min": 0.02283041702689485, "max": 0.03059199872868147, "q1": 0.02407980199931254, "q3": 0.02407980199931254}, "3": {"mean": 0.006601847819268333, "median": 0.006449982682492439, "min": 0.0032630991692941813, "max": 0.008043303735563815, "q1": 0.006449982682492439, "q3": 0.006449982682492439}, "11": {"mean": 0.031532263477040315, "median": 0.03157925012554029, "min": 0.03059199872868147, "max": 0.03521387475326043, "q1": 0.03157925012554029, "q3": 0.03157925012554029}, "4": {"mean": 0.008884934271928564, "median": 0.008043303735563815, "min": 0.006449982682492439, "max": 0.015572272496007903, "q1": 0.008043303735563815, "q3": 0.008043303735563815}, "7": {"mean": 0.021532382242414275, "median": 0.021792883989046052, "min": 0.018828336373970155, "max": 0.02283041702689485, "q1": 0.021792883989046052, "q3": 0.021792883989046052}, "1": {"mean": 0.0025354848472757233, "median": 0.0025219795088863143, "min": 0.0008301988638901153, "max": 0.0032630991692941813, "q1": 0.0025219795088863143, "q3": 0.0025219795088863143}, "10": {"mean": 0.02978903017715794, "median": 0.03059199872868147, "min": 0.02407980199931254, "max": 0.03157925012554029, "q1": 0.030201686628328697, "q3": 0.03059199872868147}, "12": {"mean": 0.035063400586695014, "median": 0.03521387475326043, "min": 0.03157925012554029, "max": 0.04110693135869719, "q1": 0.03521387475326043, "q3": 0.03521387475326043}, "14": {"mean": 0.05350032737210797, "median": 0.053163489445183475, "min": 0.05232463441401731, "max": 0.07279484914593805, "q1": 0.053163489445183475, "q3": 0.053163489445183475}, "6": {"mean": 0.019111810598783648, "median": 0.018828336373970155, "min": 0.015572272496007903, "max": 0.021792883989046052, "q1": 0.018828336373970155, "q3": 0.018828336373970155}}, "white": {"2": {"mean": 0.011521988409909319, "median": 0.010240590754792611, "min": 0.008085998297666418, "max": 0.019195413045230335, "q1": 0.010240590754792611, "q3": 0.010240590754792611}, "13": {"mean": 0.07194452383096307, "median": 0.07225761498726734, "min": 0.06839717130248107, "max": 0.07603718730845858, "q1": 0.07225761498726734, "q3": 0.07225761498726734}, "5": {"mean": 0.02857612167288054, "median": 0.027208920252800087, "min": 0.025864282953623603, "max": 0.03798284816665309, "q1": 0.027208920252800087, "q3": 0.027208920252800087}, "8": {"mean": 0.03956716697129364, "median": 0.039228991387182534, "min": 0.03819559675599958, "max": 0.04108282513986866, "q1": 0.039228991387182534, "q3": 0.039228991387182534}, "9": {"mean": 0.04264325147783364, "median": 0.04108282513986866, "min": 0.039228991387182534, "max": 0.04995029256293491, "q1": 0.04108282513986866, "q3": 0.04216411320652818}, "3": {"mean": 0.019821150082525003, "median": 0.019195413045230335, "min": 0.010240590754792611, "max": 0.025864282953623603, "q1": 0.019195413045230335, "q3": 0.019195413045230335}, "11": {"mean": 0.05873326423343758, "median": 0.05959215933334683, "min": 0.04995029256293491, "max": 0.06839717130248107, "q1": 0.05959215933334683, "q3": 0.05959215933334683}, "4": {"mean": 0.025784893239626468, "median": 0.025864282953623603, "min": 0.019195413045230335, "max": 0.027208920252800087, "q1": 0.025864282953623603, "q3": 0.025864282953623603}, "7": {"mean": 0.038364489273887935, "median": 0.03819559675599958, "min": 0.03798284816665309, "max": 0.039228991387182534, "q1": 0.03819559675599958, "q3": 0.03819559675599958}, "1": {"mean": 0.0082481187372328, "median": 0.008085998297666418, "min": 0.004464030296999307, "max": 0.010240590754792611, "q1": 0.008085998297666418, "q3": 0.008085998297666418}, "10": {"mean": 0.05006357094765409, "median": 0.04995029256293491, "min": 0.04108282513986866, "max": 0.05959215933334683, "q1": 0.04995029256293491, "q3": 0.04995029256293491}, "12": {"mean": 0.06703579188946097, "median": 0.06839717130248107, "min": 0.05959215933334683, "max": 0.07120145911942224, "q1": 0.06839717130248107, "q3": 0.06839717130248107}, "14": {"mean": 0.0956851635741446, "median": 0.09789918268882421, "min": 0.07225761498726734, "max": 0.1116882157525208, "q1": 0.09789918268882421, "q3": 0.09789918268882421}, "6": {"mean": 0.03719239328782167, "median": 0.03798284816665309, "min": 0.027208920252800087, "max": 0.03819559675599958, "q1": 0.03798284816665309, "q3": 0.03798284816665309}}, "asian": {"2": {"mean": 0.00040058009080836765, "median": 0.0003685940870376585, "min": 0.0003265547726571471, "max": 0.000788952744120557, "q1": 0.0003685940870376585, "q3": 0.0003685940870376585}, "13": {"mean": 0.004477042847717637, "median": 0.004399884993678756, "min": 0.0043293251600261505, "max": 0.006079215931955214, "q1": 0.004399884993678756, "q3": 0.004399884993678756}, "5": {"mean": 0.0009565510098108861, "median": 0.000964145292974534, "min": 0.0008362685270000169, "max": 0.0009757328316388914, "q1": 0.000964145292974534, "q3": 0.000964145292974534}, "8": {"mean": 0.0016328947599391342, "median": 0.0016409472164507736, "min": 0.0013992297804433869, "max": 0.0023804115141923036, "q1": 0.0016409472164507736, "q3": 0.0016409472164507736}, "9": {"mean": 0.0022841107772834717, "median": 0.0023804115141923036, "min": 0.0016409472164507736, "max": 0.0025469134090480125, "q1": 0.0023804115141923036, "q3": 0.0023804115141923036}, "3": {"mean": 0.0007757909452144967, "median": 0.000788952744120557, "min": 0.0003694217683708269, "max": 0.0008362685270000169, "q1": 0.000788952744120557, "q3": 0.000788952744120557}, "11": {"mean": 0.003372231225747427, "median": 0.003393493465990419, "min": 0.0025469134090480125, "max": 0.0043293251600261505, "q1": 0.003393493465990419, "q3": 0.003393493465990419}, "4": {"mean": 0.0008450489740769174, "median": 0.0008362685270000169, "min": 0.000788952744120557, "max": 0.000964145292974534, "q1": 0.0008362685270000169, "q3": 0.0008362685270000169}, "7": {"mean": 0.0013956390574130467, "median": 0.0013992297804433869, "min": 0.0009757328316388914, "max": 0.0016409472164507736, "q1": 0.0013992297804433869, "q3": 0.0013992297804433869}, "1": {"mean": 0.00032478341045196667, "median": 0.00032400275521321124, "min": 0.00017695137168695975, "max": 0.0003685940870376585, "q1": 0.00032400275521321124, "q3": 0.00032400275521321124}, "10": {"mean": 0.0025531107282088664, "median": 0.0025469134090480125, "min": 0.0023804115141923036, "max": 0.003393493465990419, "q1": 0.0025469134090480125, "q3": 0.0025469134090480125}, "12": {"mean": 0.004231060900895956, "median": 0.0043293251600261505, "min": 0.003393493465990419, "max": 0.004399884993678756, "q1": 0.0043293251600261505, "q3": 0.0043293251600261505}, "14": {"mean": 0.006154433135366903, "median": 0.006079215931955214, "min": 0.004779997645936342, "max": 0.008319714814119843, "q1": 0.006079215931955214, "q3": 0.006079215931955214}, "6": {"mean": 0.0010238398468348103, "median": 0.0009757328316388914, "min": 0.000964145292974534, "max": 0.0013992297804433869, "q1": 0.0009757328316388914, "q3": 0.0009757328316388914}}, "hispanic": {"2": {"mean": 0.001897788449272463, "median": 0.0018833888736246825, "min": 0.001315151151682364, "max": 0.002560190797100922, "q1": 0.0018833888736246825, "q3": 0.0018833888736246825}, "13": {"mean": 0.005120676324627242, "median": 0.005077721518821457,