{"black": {"5": [0.015748747412935426, 0.015572272496007903, 0.015572272496007903, 0.008043303735563815, 0.018828336373970155, 0.015572272496007903], "6": [0.0191195850716222, 0.018828336373970155, 0.018828336373970155, 0.015572272496007903, 0.021792883989046052, 0.018828336373970155], "13": [0.05110469284280155, 0.05232463441401731, 0.05232463441401731, 0.03521387475326043, 0.053163489445183475, 0.05232463441401731], "12": [0.035063531781083665, 0.03521387475326043, 0.03521387475326043, 0.03157925012554029, 0.041330336345208225, 0.03521387475326043], "8": [0.022907443765864538, 0.02283041702689485, 0.02283041702689485, 0.021792883989046052, 0.02407980199931254, 0.02283041702689485], "1": [0.002535742838995944, 0.0025219795088863143, 0.0025219795088863143, 0.0008473042781089289, 0.0032630991692941813, 0.0025219795088863143], "10": [0.02980344355439196, 0.03032999447833091, 0.03059199872868147, 0.02407980199931254, 0.03157925012554029, 0.03059199872868147], "11": [0.03154060905344742, 0.03157925012554029, 0.03157925012554029, 0.03059199872868147, 0.03521387475326043, 0.03157925012554029], "9": [0.02446657138560097, 0.02407980199931254, 0.02407980199931254, 0.02283041702689485, 0.03059199872868147, 0.02407980199931254], "14": [0.05346191133622357, 0.053163489445183475, 0.053163489445183475, 0.05232463441401731, 0.0724141502194028, 0.053163489445183475], "4": [0.008858315736770712, 0.008043303735563815, 0.008043303735563815, 0.0072778364492719115, 0.015572272496007903, 0.008043303735563815], "2": [0.00349107917127165, 0.0032630991692941813, 0.0032630991692941813, 0.0025219795088863143, 0.006449982682492439, 0.0032630991692941813], "3": [0.006605674172828208, 0.006449982682492439, 0.006449982682492439, 0.0032630991692941813, 0.008043303735563815, 0.006449982682492439], "7": [0.021547976324313413, 0.021792883989046052, 0.021792883989046052, 0.018828336373970155, 0.02283041702689485, 0.021792883989046052]}, "white": {"5": [0.028581247272315813, 0.027208920252800087, 0.027208920252800087, 0.025864282953623603, 0.03798284816665309, 0.027208920252800087], "6": [0.037263042959385644, 0.03798284816665309, 0.03798284816665309, 0.027208920252800087, 0.03819559675599958, 0.03798284816665309], "13": [0.0719111461224147, 0.07225761498726734, 0.07225761498726734, 0.06839717130248107, 0.0751531201844681, 0.07225761498726734], "12": [0.06704987611162345, 0.06839717130248107, 0.06839717130248107, 0.05959215933334683, 0.07133664707050641, 0.06839717130248107], "8": [0.03957758740340743, 0.039228991387182534, 0.039228991387182534, 0.03819559675599958, 0.04108282513986866, 0.039228991387182534], "1": [0.008234860941086782, 0.008085998297666418, 0.008085998297666418, 0.004219657383381338, 0.010240590754792611, 0.008085998297666418], "10": [0.05010818200588364, 0.04995029256293491, 0.04995029256293491, 0.04108282513986866, 0.05959215933334683, 0.04995029256293491], "11": [0.05879071601574071, 0.05959215933334683, 0.05959215933334683, 0.04995029256293491, 0.06839717130248107, 0.05959215933334683], "9": [0.042650974117128704, 0.04108282513986866, 0.04108282513986866, 0.039228991387182534, 0.04995029256293491, 0.04198761016223003], "14": [0.09565040215139209, 0.09789918268882421, 0.09789918268882421, 0.07225761498726734, 0.10743286461164657, 0.09789918268882421], "4": [0.025766559484233138, 0.025864282953623603, 0.025864282953623603, 0.019195413045230335, 0.027208920252800087, 0.025864282953623603], "2": [0.011426787968424095, 0.010240590754792611, 0.010240590754792611, 0.008085998297666418, 0.019195413045230335, 0.010240590754792611], "3": [0.019800678926305562, 0.019195413045230335, 0.019195413045230335, 0.010240590754792611, 0.025864282953623603, 0.019195413045230335], "7": [0.03836982614932951, 0.03819559675599958, 0.03819559675599958, 0.03798284816665309, 0.039228991387182534, 0.03819559675599958]}, "asian": {"5": [0.0009565333733011453, 0.000964145292974534, 0.000964145292974534, 0.0008362685270000169, 0.0009757328316388914, 0.000964145292974534], "6": [0.001025108130531002, 0.0009757328316388914, 0.0009757328316388914, 0.000964145292974534, 0.0013992297804433869, 0.0009757328316388914], "13": [0.004473829706014143, 0.004399884993678756, 0.004399884993678756, 0.0043293251600261505, 0.006079215931955214, 0.004399884993678756], "12": [0.004235963526428744, 0.0043293251600261505, 0.0043293251600261505, 0.003393493465990419, 0.004399884993678756, 0.0043293251600261505], "8": [0.0016319716400509067, 0.0016409472164507736, 0.0016409472164507736, 0.0013992297804433869, 0.0023804115141923036, 0.0016409472164507736], "1": [0.00032474290234805266, 0.00032400275521321124, 0.00032400275521321124, 0.00017626163724265275, 0.0003685940870376585, 0.00032400275521321124], "10": [0.002551234795364585, 0.0025469134090480125, 0.0025469134090480125, 0.0023804115141923036, 0.0033524887532763678, 0.0025469134090480125], "11": [0.003372541930422555, 0.003393493465990419, 0.003393493465990419, 0.0025469134090480125, 0.0043293251600261505, 0.003393493465990419], "9": [0.0022844837132488366, 0.0023804115141923036, 0.0023804115141923036, 0.0016409472164507736, 0.0025469134090480125, 0.0023804115141923036], "14": [0.006152638170449038, 0.006079215931955214, 0.006079215931955214, 0.004760098807218085, 0.008269984960685308, 0.006079215931955214], "4": [0.0008449724411429769, 0.0008362685270000169, 0.0008362685270000169, 0.000788952744120557, 0.000964145292974534, 0.0008362685270000169], "2": [0.000400352050806391, 0.0003685940870376585, 0.0003685940870376585, 0.0003372801432661209, 0.000788952744120557, 0.0003685940870376585], "3": [0.0007768823085770513, 0.000788952744120557, 0.000788952744120557, 0.00038207839542386026, 0.0008362685270000169, 0.000788952744120557], "7": [0.0013958630210844578, 0.0013992297804433869, 0.0013992297804433869, 0.0009757328316388914, 0.0016409472164507736, 0.0013992297804433869]}, "hispanic": {"5": [0.002745729283300043, 0.00273819401381545, 0.002767145617115236, 0.0026110931990907782, 0.0029171628587520075, 0.002767145617115236], "6": [0.0028987556638837148, 0.0029171628587520075, 0.0029171628587520075, 0.002767145617115236, 0.0029626853320762693, 0.0029171628587520075], "13": [0.005117515209592882, 0.005077721518821457, 0.005077721518821457, 0.004701195485674267, 0.006648488255563993, 0.005077721518821457], "12": [0.004698346389259152, 0.004701195485674267, 0.004701195485674267, 0.0044096447360657005, 0.005077721518821457, 0.004701195485674267], "8": [0.003025621175702711, 0.0030232095295642082, 0.0030232095295642082, 0.0029626853320762693, 0.003051695562114087, 0.003051695562114087], "1": [0.0013409951426486362, 0.001315151151682364, 0.001315151151682364, 0.0007426715629075576, 0.0018833888736246825, 0.001315151151682364], "10": [0.00358362374544633, 0.0034792274574177782, 0.0034792274574177782, 0.003051695562114087, 0.0044096447360657005, 0.0034792274574177782], "11": [0.004394242221011126, 0.0044096447360657005, 0.0044096447360657005, 0.0034792274574177782, 0.004701195485674267, 0.0044096447360657005], "9": [0.00315358953496276, 0.003051695562114087, 0.003051695562114087, 0.0030232095295642082, 0.0034792274574177782, 0.0032326818803002427], "14": [0.007216092290882948, 0.007376158094307873, 0.007376158094307873, 0.005077721518821457, 0.009185538462058416, 0.007376158094307873], "4": [0.0026130610631904696, 0.0026110931990907782, 0.0026110931990907782, 0.002560190797100922, 0.002767145617115236, 0.0026110931990907782], "2": [0.0018988019036808611, 0.0018833888736246825, 0.0018833888736246825, 0.001315151151682364, 0.002560190797100922, 0.0018833888736246825], "3": [0.0024789065377755315, 0.002560190797100922, 0.002560190797100922, 0.0018833888736246825, 0.0026110931990907782, 0.002560190797100922], "7": [0.002970390052070467, 0.0029626853320762693, 0.0029626853320762693, 0.0029171628587520075, 0.0030232095295642082, 0.0029626853320762693]},