{
    "avg mm count": 7.953499999999998,
    "avg_win_percent": 64.18463745319887
}