{"black": {"3": {"mean": 0.07566795001425376, "median": 0.06395574054699874, "min": 0.05770084490843989, "max": 0.13321531138399734, "q1": 0.06297648190662766, "q3": 0.08872991926244253}, "4": {"mean": 0.19063680173377398, "median": 0.20349289572689203, "min": 0.13071291669990798, "max": 0.20349289572689203, "q1": 0.17246382137288938, "q3": 0.20349289572689203}, "2": {"mean": 0.057282308753030774, "median": 0.05770084490843989, "min": 0.04601764952438877, "max": 0.06297648190662766, "q1": 0.05770084490843989, "q3": 0.05770084490843989}, "1": {"mean": 0.03856729454204057, "median": 0.037984132501139516, "min": 0.032123506519284126, "max": 0.050442163338490754, "q1": 0.037984132501139516, "q3": 0.037984132501139516}}, "white": {"3": {"mean": 0.15099705170614802, "median": 0.1534688310502586, "min": 0.14035764107163837, "max": 0.17075734164665932, "q1": 0.1490061297278972, "q3": 0.1534688310502586}, "4": {"mean": 0.19598739394128778, "median": 0.19723625437366987, "min": 0.16059370359126673, "max": 0.2249754858018408, "q1": 0.19723625437366987, "q3": 0.19723625437366987}, "2": {"mean": 0.14103647385364587, "median": 0.14035764107163837, "min": 0.12572959962208768, "max": 0.1534688310502586, "q1": 0.14035764107163837, "q3": 0.14035764107163837}, "1": {"mean": 0.12693954093465212, "median": 0.12389773394016702, "min": 0.11379310104039357, "max": 0.14035764107163837, "q1": 0.12389773394016702, "q3": 0.12913040453620464}}, "asian": {"3": {"mean": 0.0018269945619242521, "median": 0.0018934021238015452, "min": 0.0014403891686784573, "max": 0.0019593028523406456, "q1": 0.001831625646154461, "q3": 0.0018934021238015452}, "4": {"mean": 0.0026652155006194667, "median": 0.002693812296918831, "min": 0.0018934021238015452, "max": 0.002780748887150545, "q1": 0.002693812296918831, "q3": 0.002693812296918831}, "2": {"mean": 0.001204209633796198, "median": 0.001146585390847183, "min": 0.0010667189450017833, "max": 0.001839808683638621, "q1": 0.001146585390847183, "q3": 0.0012108276904561604}, "1": {"mean": 0.0010241453286508608, "median": 0.0009867652134232191, "min": 0.0008998286231915051, "max": 0.001146585390847183, "q1": 0.0009867652134232191, "q3": 0.0010524040847628264}}, "hispanic": {"3": {"mean": 0.004924386010331488, "median": 0.005105604389983578, "min": 0.0035547114831190265, "max": 0.00534206144112586, "q1": 0.004922478921804726, "q3": 0.005105604389983578}, "4": {"mean": 0.005521203528857451, "median": 0.005667375368629473, "min": 0.005105604389983578, "max": 0.006232725062335106, "q1": 0.005152149507193479, "q3": 0.005667375368629473}, "2": {"mean": 0.0035410178790858675, "median": 0.003429543741761318, "min": 0.002864194048055684, "max": 0.004546102840399957, "q1": 0.003429543741761318, "q3": 0.003429543741761318}, "1": {"mean": 0.00217801207790147, "median": 0.0019620959958019054, "min": 0.0017256389446596231, "max": 0.003429543741761318, "q1": 0.0019620959958019054, "q3": 0.0021390241769260864}}, "rep": {"3": {"mean": 0.14539890654100335, "median": 0.1481952101666304, "min": 0.13782536442203983, "max": 0.160164393031118, "q1": 0.14157412422212656, "q3": 0.1481952101666304}, "4": {"mean": 0.1741779752839537, "median": 0.17219066752458412, "min": 0.1489960359893285, "max": 0.20564096154647335, "q1": 0.17219066752458412, "q3": 0.17219066752458412}, "2": {"mean": 0.13704521309836268, "median": 0.13782536442203983, "min": 0.12563861616063424, "max": 0.1481952101666304, "q1": 0.13776441525056282, "q3": 0.13782536442203983}, "1": {"mean": 0.12722776335056882, "median": 0.12563861616063424, "min": 0.10552076052221868, "max": 0.13782536442203983, "q1": 0.12563861616063424, "q3": 0.12973455478559007}}, "dem": {"3": {"mean": 0.09213768078372918, "median": 0.0820437568760695, "min": 0.07462647415986581, "max": 0.14236029138333017, "q1": 0.0820437568760695, "q3": 0.112262587546927}, "4": {"mean": 0.1924710217549967, "median": 0.20496743462622727, "min": 0.13610335745068902, "max": 0.20496743462622727, "q1": 0.17311744210985974, "q3": 0.20496743462622727}, "2": {"mean": 0.0696069116360455, "median": 0.06719453278216767, "min": 0.06417099097180753, "max": 0.0820437568760695, "q1": 0.06719453278216767, "q3": 0.0703708332754702}, "1": {"mean": 0.061934527551340025, "median": 0.06194441744164696, "min": 0.05447312913046363, "max": 0.06456908935765746, "q1": 0.06194441744164696, "q3": 0.06194441744164696}}}