{
    "black": {
        "3": [
            0.07593648431920533,
            0.06297648190662766,
            0.06432094405455846,
            0.05770084490843989,
            0.1332256983862439,
            0.08959199680604046
        ],
        "4": [
            0.19035329790812758,
            0.17160174382929144,
            0.20349289572689203,
            0.13100820433520305,
            0.20349289572689203,
            0.20349289572689203
        ],
        "1": [
            0.03858222821448479,
            0.037984132501139516,
            0.037984132501139516,
            0.0317732288720955,
            0.05042182576266346,
            0.037984132501139516
        ],
        "2": [
            0.05728234460128139,
            0.057644436503382405,
            0.05770084490843989,
            0.04589885364155206,
            0.06297648190662766,
            0.05770084490843989
        ]
    },
    "white": {
        "3": [
            0.1508555697462761,
            0.14836065173114665,
            0.1534688310502586,
            0.14035764107163837,
            0.1733856023579717,
            0.1534688310502586
        ],
        "4": [
            0.196065994647988,
            0.19723625437366987,
            0.19723625437366987,
            0.16058165816009007,
            0.22490696650130676,
            0.19723625437366987
        ],
        "1": [
            0.12703886573586323,
            0.12389773394016702,
            0.12389773394016702,
            0.11362987671937619,
            0.14035764107163837,
            0.12942182977780717
        ],
        "2": [
            0.14100003030560657,
            0.14035764107163837,
            0.14035764107163837,
            0.12579811892262172,
            0.1534688310502586,
            0.14035764107163837
        ]
    },
    "asian": {
        "3": [
            0.0018253986208505019,
            0.001811353534627036,
            0.0018934021238015452,
            0.0014410874545437724,
            0.001988107144284888,
            0.0018934021238015452
        ],
        "4": [
            0.002663804168871359,
            0.002693812296918831,
            0.002693812296918831,
            0.0018934021238015452,
            0.0027701000277044916,
            0.002693812296918831
        ],
        "1": [
            0.0010239143444151883,
            0.0009867652134232191,
            0.0009867652134232191,
            0.0008920601929398761,
            0.001146585390847183,
            0.0010514657631313094
        ],
        "2": [
            0.0012074478908537295,
            0.001146585390847183,
            0.001146585390847183,
            0.0010667189450017833,
            0.0018364045400452106,
            0.001227673836956884
        ]
    },
    "hispanic": {
        "3": [
            0.004923167283282181,
            0.004921322385840299,
            0.005105604389983578,
            0.003536294193421344,
            0.005308543719590742,
            0.005105604389983578
        ],
        "4": [
            0.0055179403953659655,
            0.0051347360034271865,
            0.005667375368629473,
            0.005105604389983578,
            0.006179218907905347,
            0.005667375368629473
        ],
        "1": [
            0.00217865058176814,
            0.0019620959958019054,
            0.0019620959958019054,
            0.0017591566661947417,
            0.003429543741761318,
            0.0021427119991522807
        ],
        "2": [
            0.0035448612357599873,
            0.003429543741761318,
            0.003429543741761318,
            0.002917700202485444,
            0.004540254696277945,
            0.003496033648999278
        ]
    },
    "rep": {
        "3": [
            0.14525223506012366,
            0.1408082091590403,
            0.1481952101666304,
            0.13782536442203983,
            0.15972617620328322,
            0.1481952101666304
        ],
        "4": [
            0.1743242612420361,
            0.17219066752458412,
            0.17219066752458412,
            0.1489304577668532,
            0.20653513989763625,
            0.17219066752458412
        ],
        "1": [
            0.127339231824417,
            0.12563861616063424,
            0.12563861616063424,
            0.10629535505592665,
            0.13782536442203983,
            0.13009002732683106
        ],
        "2": [
            0.13693413014731182,
            0.13739486267920215,
            0.13782536442203983,
            0.12563861616063424,
            0.1481952101666304,
            0.13782536442203983
        ]
    },
    "dem": {
        "3": [
            0.09237839128133675,
            0.0820437568760695,
            0.0820437568760695,
            0.07462107360036785,
            0.142127295816418,
            0.1129716038581597
        ],
        "4": [
            0.1922072092068738,
            0.17239588878550674,
            0.20496743462622727,
            0.1360825267211969,
            0.20496743462622727,
            0.20496743462622727
        ],
        "1": [
            0.06192461891337657,
            0.06194441744164696,
            0.06194441744164696,
            0.054516333606447344,
            0.06456831784915774,
            0.06194441744164696
        ],
        "2": [
            0.06963992232452425,
            0.06719453278216767,
            0.06719453278216767,
            0.06457063237465688,
            0.0820437568760695,
            0.07054770159902851
        ]
    }
}