{
    "avg mm count": 0.9216000000000003,
    "avg_win_percent": 52.17954944876866
}